{"properties":{"connectionReferences":{"shared_commondataserviceforapps":{"runtimeSource":"embedded","connection":{"connectionReferenceLogicalName":"ppp_sharedcommondataserviceforapps_7f22b"},"api":{"name":"shared_commondataserviceforapps"}},"shared_office365_1":{"runtimeSource":"embedded","connection":{"connectionReferenceLogicalName":"ppp_sharedoffice365_d678e"},"api":{"name":"shared_office365"}}},"definition":{"$schema":"https://schema.management.azure.com/providers/Microsoft.Logic/schemas/2016-06-01/workflowdefinition.json#","contentVersion":"1.0.0.0","parameters":{"$connections":{"defaultValue":{},"type":"Object"},"$authentication":{"defaultValue":{},"type":"SecureObject"}},"triggers":{"When_a_record_is_created,_updated_or_deleted":{"type":"OpenApiConnectionWebhook","inputs":{"host":{"connectionName":"shared_commondataserviceforapps","operationId":"SubscribeWebhookTrigger","apiId":"/providers/Microsoft.PowerApps/apis/shared_commondataserviceforapps"},"parameters":{"subscriptionRequest/message":4,"subscriptionRequest/entityname":"ppp_traveller","subscriptionRequest/scope":4,"subscriptionRequest/filteringattributes":"ppp_directionoptions,ppp_casebriefoptions,ppp_nominatingagencyoptions"},"authentication":"@parameters('$authentication')"}}},"actions":{"Get_Owner":{"runAfter":{},"type":"OpenApiConnection","inputs":{"host":{"connectionName":"shared_commondataserviceforapps","operationId":"GetItem","apiId":"/providers/Microsoft.PowerApps/apis/shared_commondataserviceforapps"},"parameters":{"entityName":"systemusers","recordId":"@triggerOutputs()?['body/_createdby_value']"},"authentication":"@parameters('$authentication')"}},"Condition":{"actions":{"List_Managers_in_PPP_Manager_Team":{"runAfter":{},"type":"OpenApiConnection","inputs":{"host":{"connectionName":"shared_commondataserviceforapps","operationId":"ListRecords","apiId":"/providers/Microsoft.PowerApps/apis/shared_commondataserviceforapps"},"parameters":{"entityName":"systemusers","$filter":"(teammembership_association/any(t:t/name eq 'ppp manager'))"},"authentication":"@parameters('$authentication')"}},"Apply_to_each_2":{"foreach":"@outputs('List_Managers_in_PPP_Manager_Team')?['body/value']","actions":{"Send_an_email_(V2)":{"runAfter":{},"type":"OpenApiConnection","inputs":{"host":{"connectionName":"shared_office365_1","operationId":"SendEmailV2","apiId":"/providers/Microsoft.PowerApps/apis/shared_office365"},"parameters":{"emailMessage/To":"@items('Apply_to_each_2')?['internalemailaddress']","emailMessage/Subject":"Traveller Validation Decision and Recommendation Discrepancy / Décision de validation et de la recommandation pour la validation du voyageur","emailMessage/Body":"<p>Record Number @{triggerOutputs()?['body/ppp_travellerautonumber']} has a Decision that does not match a Recommendation.<br>\n<br>\nRecord created by @{outputs('Get_Owner')?['body/firstname']} @{outputs('Get_Owner')?['body/lastname']}.<br>\n<br>\n****<br>\n<br>\nNuméro du dossier @{triggerOutputs()?['body/ppp_travellerautonumber']} a une décision qui ne correspond pas à une recommandation.<br>\n<br>\nDossier créer par @{outputs('Get_Owner')?['body/firstname']} @{outputs('Get_Owner')?['body/lastname']}.</p>"},"authentication":"@parameters('$authentication')"}}},"runAfter":{"List_Managers_in_PPP_Manager_Team":["Succeeded"]},"type":"Foreach"}},"runAfter":{"Get_Owner":["Succeeded"]},"expression":{"and":[{"or":[{"not":{"equals":["@triggerOutputs()?['body/ppp_directionoptions']","@triggerOutputs()?['body/ppp_nominatingagencyoptions']"]}},{"not":{"equals":["@triggerOutputs()?['body/ppp_directionoptions']","@triggerOutputs()?['body/ppp_casebriefoptions']"]}}]},{"and":[{"not":{"equals":["@triggerOutputs()?['body/ppp_directionoptions']","@null"]}}]},{"or":[{"not":{"equals":["@triggerOutputs()?['body/ppp_nominatingagencyoptions']","@null"]}},{"not":{"equals":["@triggerOutputs()?['body/ppp_casebriefoptions']","@null"]}}]}]},"type":"If","description":"If (Direction != Nominating or Direction != Case Brief) and (Direction != null) and (Nominating !=null or Nominating != null)"}},"outputs":{}}},"schemaVersion":"1.0.0.0"}